userName,score,at,content
Sadia Sadia,5,2025-12-11 13:04:49,Bermanfaat
Sarmin Dina,5,2025-12-11 13:02:39,semua keluhan pelanggan bisa dijadikan lewat PLN mobile
Hamdani Hamdani,5,2025-12-11 13:02:34,pln mobile membantu dan mempermudah transaksi dan naik daya
Fendy 99,5,2025-12-11 13:02:29,"sangat membantu untuk keluhan listrik,dan top sekali"
surya suryalucha,5,2025-12-11 13:02:15,"wah PLN mobile sekarang sangat bermanfaat sekali,dengan PLN mobile ini kami sangat di permudah untuk melakukan laporan listrik padam secepatnya ğŸ’ªğŸ»ğŸ”¥âš¡"
Hery 0505,5,2025-12-11 12:59:45,aplikasi sangat berguna bagi pelanggan
Adam adriansyah,5,2025-12-11 12:58:21,sangat membantu sekali semakin mudah hanya digenggaman...
Anjasmara Perawang,5,2025-12-11 12:58:15,aplikasinya bagus sangat membantu kami dalam membuat laporan gangguan listrik
SUHAR TADI,5,2025-12-11 12:58:01,"aplikasi sangat bagus,buat laporan gangguan kelistrikan jadi lebih mudah"
Ridhofatur Rahman,5,2025-12-11 12:58:01,"pelayanan ulp perawang sangat cepat dan tanggap,aplikasi pln mobile bisa mempermudah untuk pengaduan gangguan"
Ebeb Zha,5,2025-12-11 12:56:31,dahsyattt
Herlin Budikasih,5,2025-12-11 12:55:12,trimakasih karena sudah sangat membantu
Manto Furza,5,2025-12-11 12:54:34,Aplikasi PLN Mobile sangat mempermudah pelayanan pelanggan
Fahri Iksan,5,2025-12-11 12:53:53,trimakasih
Hendrik Suparmanto,5,2025-12-11 12:52:17,Joss Tenan
Muhammad Taufik Yulianto,5,2025-12-11 12:51:53,"aplikasi sangat bagus,,respon petugas cepat,, terimakasih pln mobile"
manahan hasibuan,5,2025-12-11 12:51:35,"Simpel, aman dan mudah di akses"
Candra Pwdd,5,2025-12-11 12:51:08,mantulllll
Elze Zeze,5,2025-12-11 12:49:54,aplikasi ini sangat bagus sangat berguna bagi saya
Amir Udin,5,2025-12-11 12:49:15,pokoknya terbaik
Evan Anindita,5,2025-12-11 12:48:37,mantap
miftah dudi,5,2025-12-11 12:48:28,harga tokennya kalau bs lbh murah
Nadali Halo,5,2025-12-11 12:48:19,mantab bang josjis lah pokok ğŸ™
Icuk Wintoko,5,2025-12-11 12:48:03,sangat membantu dan mempermudah kita
Ahmad Rizal,5,2025-12-11 12:47:16,apk sangat membantu
Dedi Kurniawan,2,2025-12-11 12:44:20,"mau pasang wifi,susah,tidak ter cover padahal tetangga pada pake"
Melkias Loho,5,2025-12-11 12:44:01,aplikasi PLN mobile memang mantap
Madnardi Ardi,5,2025-12-11 12:43:45,PLN mobile sangat membantu untuk kelistrikan
zakariyah Alfian,5,2025-12-11 12:43:20,"Aplikasi sangat bagus sekali dan sangat lengkap, banyak fitur yang sangat membantu buat para pelanggan, sukses terus PLN..â™¥ï¸fitur swacam sangat mudah buat pelanggan â™¥ï¸"
Sutarno Ady,5,2025-12-11 12:38:59,aplikasi mantap bisa beli token tanpa harus keluar rumah..jozz gandos wes pokoe......
LALALA SIYOU,5,2025-12-11 12:38:08,kereeen bangets apk pln mobile..pelayanan cepat dan petugas ramah mantap PLN
Paijo slamet,5,2025-12-11 12:35:35,pln tambah keren
cvriski utama,4,2025-12-11 12:34:33,mudah saat pengecekan pembayaran maupun isi token listrik
Lilies Nurani Dewi,5,2025-12-11 12:33:29,PLN Mobile Terbaik
Dirin 84,5,2025-12-11 12:33:25,aplikasi PLN mobile Sangat membuat untuk layanan gangguan listrik padam
Anam,5,2025-12-11 12:32:56,sangat baik
ABDEE SAPROOL,5,2025-12-11 12:31:57,Mantap dan Keren ğŸ’‹ğŸ’‹ğŸ’‹
La ode Andi,5,2025-12-11 12:31:27,dulu kalau mau lapor gangguan listrik harus ke kantor PLN sekarang bisa dari rumah
Rose Hassan Toha,5,2025-12-11 12:31:14,sangat memuaskan pelayanannya
Theguh IW '18,5,2025-12-11 12:30:18,Semakin Mudah dan Cepat ğŸ‘ğŸ‘ğŸ‘
Mahfud Busra,5,2025-12-11 12:29:10,pln mobile sangat membantu dalam mengecek tagihan bulanan Dan membeli token
RAndi,5,2025-12-11 12:29:03,mudah digunakan dan buat laporan gangguan listrik cepat responnya
Ahmad Rifai,5,2025-12-11 12:27:27,Sangat membantu untuk baca meter pascabayar dan beli token listrik
ahmad texas,5,2025-12-11 12:24:44,Prosesnya transaksiya cepat.
Kristo suatrean,5,2025-12-11 12:24:43,"sangat mudah ketika melakukan pengaduan, mcb nya rusak langsung diganti dong makasih pln"
Dian Kelana,5,2025-12-11 12:24:25,respon yang sangat cepat..terima kasih pln.
Jeconia Raven,5,2025-12-11 12:24:19,Terima kasih Pelayanan Cepat dan SigapğŸ™ğŸ»
Dede Awaludin,5,2025-12-11 12:22:55,Apk sangat lengkap dan mudah sangat membantu sekali dan respon cepat
Okto Vano,5,2025-12-11 12:20:25,aplikasi pln mobile sangat membantu untuk layanan gangguan listrik padam
Angga Setia Rachman,5,2025-12-11 12:20:25,oke
Arix Pinatih,5,2025-12-11 12:20:01,Semakin dipermudah dengan adanya pln mobile lapor gangguan dan pembelian pulsa listrik menjadi mudah
Ristian Aldi,5,2025-12-11 12:19:43,niceee
merta baskara,5,2025-12-11 12:18:14,Pln mobile sangat membantu untuk pembelian token listrik sangat gampang dan cepat. sangat bagus.
Yuri Orch,5,2025-12-11 12:17:33,"pelayanannya cepat, respon teknisinnya cepat, kerjanya bagus"
Muhamad Asep,5,2025-12-11 12:15:44,mantap
Nurmalita,5,2025-12-11 12:15:06,"Dengan adanya aflikasi PLN MOBILE Saya sangat terbantu sekali dalam hal pelaporan gangguan, pembayaran listrik, isi token dan hal lainnya."
Puji Rahayu,5,2025-12-11 12:14:35,sangat bagusss pelayananya
nana diryana,5,2025-12-11 12:13:04,Alhamdulillah adanya PLN mobile. sangad membantu masarakat.
Idho Ake,5,2025-12-11 12:10:48,TERIMAKASIH BAPAK PLN ATAS PELAYANANNYA.
Joko Rasya,5,2025-12-11 12:08:41,Proses lebih Mudah dan Bertabur Hadiah
Dyan Indrayani,5,2025-12-11 12:07:05,dengan aplikasi pln mobile sngt trbantu saat transaksi pembelian pulsa ataupun melapor gangguan
Edo Gogo,5,2025-12-11 12:02:56,respon cepat mantap
Desy,5,2025-12-11 12:02:55,teknisi nya cepat respon nyağŸ‘ğŸ»ğŸ‘ğŸ»ğŸ‘ğŸ»ğŸ‘ğŸ»ğŸ‘ğŸ»ğŸ‘ğŸ»ğŸ‘ğŸ»
Firman tampan,5,2025-12-11 12:02:39,pengaduan listrik mati gampang pake aplikasi
Faizal Yuniar,5,2025-12-11 12:00:44,bagus
Nia Daniati,5,2025-12-11 12:00:22,aplikasi sangat bermanfaat
Akila Kila,5,2025-12-11 11:58:52,dengan aplikasi plnmoie sangat membantu kami dalam melaporkan ganguan terimakasih pln mobil
indra apriyansah,5,2025-12-11 11:57:54,"Apk pln mobile sangat membantu, pelaporan samgat cepat"
yenk dayenk,5,2025-12-11 11:56:40,sangat membantu
Agus Salim,1,2025-12-11 11:56:18,"pengajuan gangguan listrik padam via aplikasi dah nunggu ber jam2 gak ada respon, telp 123 udh 3x bolak balik nelp cuma di suruh nunggu terus, di chat juga sama suruh nunggu, padahal laporan dari jam 2 siang, jam 8 mlm belum ad yg dtg melakukan perbaikan. dan sampai ulasan ini saya ketik, belum ada yg datang."
Nazmi Billman,5,2025-12-11 11:55:46,aplikasi sangat bermanfaat
Arman Silegar,5,2025-12-11 11:53:59,hebat
Reza Rahmat Akbar,5,2025-12-11 11:53:19,petugas ulp perawang sangat ramah dan cepat pelayananya semangatt terus ulp perawang
Siti Sulaihah,1,2025-12-11 11:51:10,"aplikasinya tidak efektif susah untuk dipakai harus perbaikan sih aplikasinya masak ini gak bisa itu gak bisa banyak gak bisanya butuh perbaikan, mending kalo mau pasang kwh langsung ke plnnya saja"
Adit Work,5,2025-12-11 11:51:10,"baru mau cobain, semoga bagus harganya"
Rudhi Anto,5,2025-12-11 11:49:12,"Makin mudah mengurus permasalahan PLN dengan aplikasi PLN Mobile, pelanggan sangat dimanjakan, mantap ğŸ‘ğŸ‘"
Reski Hidayat,5,2025-12-11 11:47:54,"aplikasi ini sangat membantu saya dalam bayar tagihan listrik,swacam dll.. ketika ada kerusakan bisa langsung lapor,dan akan di perbaiki oleh pihak terkait, ketika ada kerusakan listrik di aplikasi PLN mobile..pelayanan cepat dan gratis tanpa di pungut biaya"
cinthia hadi,5,2025-12-11 11:47:16,aplikasi PLN mobile sangat membantu buat pelanggan PLN
hanoto,5,2025-12-11 11:46:48,Respon dan pelayanannya sekarang semakin baik... ğŸ‘
wahyu hidayat,5,2025-12-11 11:46:21,adanya aplikasi sangat membantu dan mempermudah konsumen
Dika Achmad,2,2025-12-11 11:44:28,"tolong permudah lagi penggunaannya, ketika user sudah memasukkan nomor meter tidak perlu di pinta lagi"
Hera Agus,5,2025-12-11 11:43:39,"mantap dengan PLN Mobile semua tentang kelistrikan bisa diatasi, terima kasih PLN"
Novi Cl,5,2025-12-11 11:43:39,"aplikasi bagus, bisa lapor dan tracking pengaduan."
Fajar Kurniawan,5,2025-12-11 11:41:34,dengan aplikasi ini segala kemudahan di tangan konsumen
Moh. Khodir,5,2025-12-11 11:41:23,pln mobail....smakin ok..
Adi Razka,5,2025-12-11 11:40:52,suka sekali sangat membantu ğŸ‘ğŸ‘ğŸ”¥
Adi Wijaya,5,2025-12-11 11:39:03,PLN amazing !!!
Saye Ahmad,5,2025-12-11 11:37:48,"Aplikasinya cukup bagus dan fungsinya bekerja seperti yang dijanjikan. Tapi terkadang terasa agak lambat saat membuka menu tertentu. Ul-nya oke, cuma masih bisa disederhanakan lagi. Kalau performanya ditingkatkan, pasti lebih nyaman dipakai"
Arifin Imam,5,2025-12-11 11:37:36,aplikasi yang sangat membantu untuk kita sebagai pelanggan pln
Dki Riski,5,2025-12-11 11:37:27,"Apk pln mobile sangat membantu, pelaporan sangat cepat"
Priya,3,2025-12-11 11:36:36,Kalo beli token.Nomor token suka tidak dikirim ke email.
Jalal Ludin,5,2025-12-11 11:36:27,bagussss
kpl laud,5,2025-12-11 11:36:14,mempermudah pelanggan
Raihan Ramadhoni,5,2025-12-11 11:35:47,"teknologinya di tingkatkan dong, jadi kalau kita topup token melalui aplikasi langsung masuk kemeteran kitanya, jadi tidak perlu memasukan secara manual Strom tokennya, sehingga ketika kita lagi tidak ada ditempat listriknya bisa otomatis hidup langsung min. sempat punya problem ketika pembelian token, lapor ke cs sama via email, proses penanganannya cepat tapi memang harus menunggu 1x24 jam... terima kasih PLN yg sudah fast respon."
email saya,5,2025-12-11 11:35:37,aplikasi sangat membantu
Fahrul hasbullah Fahrul,5,2025-12-11 11:35:27,semangatt terus petugas pln ğŸ‘
Muhammad Daffa Almarzali,5,2025-12-11 11:35:21,"Aplikasinya cukup bagus dan fungsinya bekerja seperti yang dijanjikan. Tapi terkadang terasa agak lambat saat membuka menu tertentu. Ul-nya oke, cuma masih bisa disederhanakan lagi. Kalau performanya ditingkatkan, pasti lebih nyaman dipakai"
Andre Trisaputra,5,2025-12-11 11:34:59,"Apk pln mobile sangat membantu, pelaporan samgat cepat"
abdur rahman,5,2025-12-11 11:33:31,Aplikasi PLN Mobile pancen mantap
widiyat moko,3,2025-12-11 11:31:48,"sudah punya akun PLN Mobile ketika buka aplikasi harus login ulang dan prosesnya kurang simpel. menunggu kode verifikasi tidak masuk dan ketika masuk masih tahap email, padahal sudah punya akun dengan nomor dan email yang sama."
Otok Kuspujianto,5,2025-12-11 11:29:43,pelaporan gangguan fast respon
Inspeksi Bagan Batu,5,2025-12-11 11:28:02,Solusi terbaik untuk segala info kelistrikan. mantappppp
Stelny Takarasel,5,2025-12-11 11:27:43,Beli token biaya admin murah transaksi cepat aplikasi kekinian.
Arif Samz,5,2025-12-11 11:27:40,"Aplikasi terbaik, terus tingkatkan fitur pengaduan dan pembayarannya, agar penggunaan dan pemanfaatannya lebih mudah"
Minoq Pashter,5,2025-12-11 11:26:38,Alhamdulillah lampu sudah hidup kembali.. penangan tim dan respon tim cukup baik.. terimakasih ğŸ™ğŸ™ğŸ™
Intan ALMIRA,1,2025-12-11 11:26:02,gk ada jawaban. ngapain jg ada aplikasinya klo gk ada respon bro-bro.
Oky Mahendra,5,2025-12-11 11:21:29,Mantapp betul
Tika Nurhasanah,5,2025-12-11 11:21:09,aplikasi mempermudah transaksi listrikkk..
S Dien,5,2025-12-11 11:20:47,dengan adanya Pln mobile jadi memudahkan semua pengajuan tentang kelistrikan.
ady vicky hardiyansyah,5,2025-12-11 11:20:11,"melalui aplikasi Pln mobile trasaksi lebih mudah dan cepat, mantapppp"
udin jaenudin,5,2025-12-11 11:19:39,semakin mudah
Agus Tiar,5,2025-12-11 11:17:36,sangat membantu dan mempermudah pembayaran dan layanan listrik
Najwa Syafiqoh,5,2025-12-11 11:17:31,baik
Sriyanti Loloda,5,2025-12-11 11:13:32,cepat dan baik untuk masyarakat
Aryandi Rizki,5,2025-12-11 11:13:13,pln mobile terbaik
Dian Jon,5,2025-12-11 11:12:53,pln mobile goooddddd
Aynul Rozaq,5,2025-12-11 11:12:50,"laporan cepat, penanganan tepat"
ageng hidayat,5,2025-12-11 11:12:38,PLN mobile mantap
Ipan Nawawi,5,2025-12-11 11:12:18,bagus
Heryanto Malangkase,5,2025-12-11 11:11:57,Beli token biaya admin murah transaksi cepat aplikasi kekinian.
Andika Epet,5,2025-12-11 11:11:29,apk PLN mobile sangat membantu kami.
Jai nuri,5,2025-12-11 11:11:09,pln mobil baik
Rudi Yono,5,2025-12-11 11:10:23,Pelayanan PLN Baik.
Lamdan Hardiansyah,5,2025-12-11 11:10:11,aplikasi yg sangat mudah dan membantu?mantapğŸ‘ğŸ‘ğŸ‘
Herie -,5,2025-12-11 11:09:35,aplikasi PLN mobile sangat membantu untuk layanan gangguan listrik padam
Jaka Maulana,5,2025-12-11 11:08:39,cukup memuaskan
Ardhito Prasetyo,5,2025-12-11 11:08:07,baik
atlas Favorit,5,2025-12-11 11:07:12,aplikasi sangat membantu untuk pengaduan listrik dan membantu untuk pembayaran listrik
Cep Ahoey,5,2025-12-11 11:06:12,bagus komunikatif banyak informasi yg didapat
suparman parman,5,2025-12-11 11:05:23,ok mantap
HOLIDI,5,2025-12-11 11:04:27,Alpikasi membatu untuk cek alamat meteran dan pembelisn plsa kwh
Imam Ghozali,5,2025-12-11 11:04:25,bagus
Billman Barabai,5,2025-12-11 11:04:11,Mantap dan sangat membantu
Dewi Safitri,5,2025-12-11 11:03:15,praktis dan gak ribeet sampee yang harga minimal pun ada keren PLN
Ricky hermanto,5,2025-12-11 11:03:07,jos markotopğŸ”¥
Raditya Syahputra,5,2025-12-11 11:01:34,PLN luar biasa
Fahri Abdullahbdl,5,2025-12-11 11:01:07,Pelayanan bagus
Tinus,5,2025-12-11 11:00:53,Apk ini sangat membantu saat melapor gangguan listrik
Dwi Saputro,5,2025-12-11 10:59:35,baik
Jadu Jadi,5,2025-12-11 10:58:10,trimakasih pln
Diah Ratu,4,2025-12-11 10:58:04,mantap
Atika Damayanti,5,2025-12-11 10:58:03,terimakasih ULP Rajapolah dan kepelayanan penyambungan telah memberi tahu sitem apk PLN mobile bisa paska lewat apk PLN mobile MANTAPP
Jhon N Walalohun,5,2025-12-11 10:57:29,PLN mobile bagus. mantap
Imam Mami,5,2025-12-11 10:56:58,dengan adax aplikasi pln mobile sangat memudahkan pelanggan pln tambah sukses
Onta Inti,5,2025-12-11 10:55:45,jangan ragu untuk download aplikasi ini
Harun Murtopo,5,2025-12-11 10:55:27,sangat membantu
Nsrmhulis,5,2025-12-11 10:53:43,terbaik
hemma maulana,5,2025-12-11 10:51:27,pelayanan baik dan cepat
Ali Munawar,5,2025-12-11 10:51:09,"kok bisa-bisanya PLN mobile menautkan bilpay, itu aplikasi sudah seminggu tak bisa di akses saldo masih banyak lagi"
Sumarlik,5,2025-12-11 10:50:36,sangat membantu
Ary RizkyRidho,5,2025-12-11 10:50:07,aplikasi memudahkan kami membeli pulsa secara mudah
Muslimin Hanafi,5,2025-12-11 10:49:29,Bagus pelayanan
Mr. U,5,2025-12-11 10:49:11,"Pelayanan cepat, terimaksih PLN mobile ğŸ™ğŸ‘"
dari kita,5,2025-12-11 10:48:43,aplikasinya sangat bermanfaat bagi masyarakat dan sangat mudah diakses
Ibolong La Mading,5,2025-12-11 10:47:33,sangat membantu skali
iri saepudin,5,2025-12-11 10:46:19,PLN TERBAIKK SANGAT MEMBANTU PROSES PASANG BARU SAYAA TERIMAKASIN PLN
Muhammad Zulhi,5,2025-12-11 10:45:23,Terbaik dan mempermudah .mantap
Hafid Mahzdan,5,2025-12-11 10:44:36,Sangat membantu kakğŸ‘
veralisa masterin,5,2025-12-11 10:42:27,Sangat bagus.. lebih maju lagi
Isniyanto Isnin,5,2025-12-11 10:41:54,PLN selalu jaya
Warijan Gaeng,5,2025-12-11 10:41:17,sangat baik
Nana Ogin1504,5,2025-12-11 10:40:44,PLN mobile mantaf
Choeron Abdul Basit,5,2025-12-11 10:40:36,mantap
Tuti Purwanto,5,2025-12-11 10:39:45,TERIMA KASIH PLN
STOK EFB EPIC,5,2025-12-11 10:39:23,"PLN Sangat membantu disaat masalah terganggu, respon cepat dan cepat menangani masalah"
Beta Mundi Pangestuti,5,2025-12-11 10:39:21,lebih cepat
zheni putrysulsy,5,2025-12-11 10:38:18,aplikasi pln mobile seperti kekasih gak pingin jauh2 darinyağŸ¥°
Atallah Maulidin Niesta Fatah,5,2025-12-11 10:37:46,lebih mudah
Wardani,5,2025-12-11 10:37:42,aplikasi yang sangat membantu..dan respon pun sangat cepat..mantap
Anglin Patrisia Matoneng,5,2025-12-11 10:36:47,aplikasi ini sangat membantu
Mas Adek Adie Adie,5,2025-12-11 10:36:26,dengan adanya pln mobile keluhan pelanggan bisa teratasi..
Charles Lengkong,5,2025-12-11 10:35:28,mantap PLN.. saya senang sekali menggunakan aplikasi ini karena mudah untuk akses pembayaran tagihan
Saiful Anwar,5,2025-12-11 10:35:00,Aplikasi ini membantu..pelayanan cepat terbaik pelanggan puas
Muhamad gungun Ansori,5,2025-12-11 10:34:00,mantap pisan
KEMAS,5,2025-12-11 10:33:17,bagusğŸ¤©
Rahmat Chucenk,5,2025-12-11 10:31:04,aplikasi PLN mobile mantap ğŸ‘
Miftah Algafari,5,2025-12-11 10:29:10,mantap aplikasinya
Sugeng Prayitno,5,2025-12-11 10:28:26,mempermudahkan
agus mulyana,5,2025-12-11 10:28:15,pln mobile aplikasi yg memudahkan pelangganğŸ‘ŒğŸ‘ŒğŸ‘Œ
adaam syah,5,2025-12-11 10:28:04,okkkkkk
Jaimun Farid,5,2025-12-11 10:26:03,fitur pln mobile lengkap
ahmad angga,5,2025-12-11 10:26:01,mantap
Lukman Ardiansyah,5,2025-12-11 10:25:20,"Alhamdulillah onok aplikasi PLN mobile urusan listrik dadi lebih gampang ,, lapor gangguan yo enak ,, Ngajukan pemasang baru Yo cepet .. tambah daya daftar e sediluk lek teko PLN mobile .. update info tambah daya Yo onok ,, lengkap wes .. sukses terus PLN ... Salam hpl 0 hari ğŸ‘ğŸ‘ğŸ‘ğŸ’ªğŸ’ªğŸ’ªğŸ’ª jaya terus PLN"
Nur hidayat,5,2025-12-11 10:24:22,jas aplikasinya.
Mahjong Ways,5,2025-12-11 10:24:15,mantap aplikasinya.sangat membantu.pelaporan dan pengaduan dipermudah.
Moch Setya ardianto,5,2025-12-11 10:23:50,PELAYANAN TERBAIK.......
Mochamad Ramdan,5,2025-12-11 10:23:43,pelayanan pln mobile sangat bagus..semoga dapat dipertahankan
sok asik,5,2025-12-11 10:23:06,trimakasih PLN mobile memudahkan sya buat pengajuan pasang kWh baru
Junita Filinsya,5,2025-12-11 10:22:24,sangat Membantu PLN tentena
Eviana Dewi,5,2025-12-11 10:22:10,sangatsangat memuaskan. dan sabgat membantu. tingkatkan terus
Dadang Supriatna,5,2025-12-11 10:21:50,good
Ibnu Hasan,5,2025-12-11 10:21:47,PLN mobile sangat membantu untuk melakukan pembayaran dan swacam.
AnntonRotan,5,2025-12-11 10:21:47,ayo pakai PLN mobile. semua urusan kelistrikan dipermudah.. mantap aplikasinya
Arhy Adi,5,2025-12-11 10:21:35,Dengan adanya PLN Mobile kini masyarakat makin mudah melapor gangguan dan responnya sangat cepat makasih PLN mobile.ğŸ‘ğŸ‘
Khamidinal Didin,5,2025-12-11 10:21:33,pemasangan mudah
akil sumule,5,2025-12-11 10:21:31,bagusğŸ¥°
Abbas Abdul,5,2025-12-11 10:21:20,Dengan Aplikasi PLN mobile dpt mengetahui sampai tahap apa pengaduan gangguan listrik saya
Mr. L,5,2025-12-11 10:21:19,mantap
Refna Refnalainde,5,2025-12-11 10:20:58,Mantap PLN Tentena
Reno Adi,5,2025-12-11 10:20:50,Alhamdulillah ya allah
Fandi Super,5,2025-12-11 10:19:54,apk yang bkin mudah semua akses untuk pb dan pd
Tia Mutia,5,2025-12-11 10:18:38,"jadi gampang buat bayar tagihan listrik, beli token juga bisa lewat aplikasi ini. sabagat membantu sih"
Pian Paun,5,2025-12-11 10:18:10,PLN mobile memang luar biasa PLN mobile sungguh sungguh terbaik..
Khoirul Anam,5,2025-12-11 10:17:41,pln mobil selalu yang terbaik
Laurentius Kiop,5,2025-12-11 10:17:34,admin transaksi pembelian token listrik Murah dan pilihan token minimal Rp. 5000. mantap. transaksi lebih mudah
Anto Eri,5,2025-12-11 10:16:19,"bayar listrik alhamdulillah dapat poin, dan bisa di tukar ke voucher terima kasih"
Abal Aba,5,2025-12-11 10:15:43,mantap aplikasinya.sangat membantu.pelaporan dan pengaduan dipermudah.
Muhamad Alifahlevi,5,2025-12-11 10:15:41,"Bagus, Mantap, Buka terus"
Kia Febryanto,5,2025-12-11 10:14:55,Aplikasi nya sangat membantu
Ahmad Kamaluddin,5,2025-12-11 10:14:26,PLN mobile terbaik ğŸ‘
Online Budget,5,2025-12-11 10:14:15,keren memudahkan
Manja Danova Putri,5,2025-12-11 10:14:05,"Sangat puas dengan layanan di aplikasi ini. Proses pengaduan cepat direspons dan solusi langsung diberikan. Terima kasih, PLN Mobile."
Mario Super,5,2025-12-11 10:14:04,aplikasi yg sangat membantu kami
Fadli Hutagalung,5,2025-12-11 10:13:54,sangat membantu untuk kami bagi driver
Ardi Amril,5,2025-12-11 10:13:43,"Pembelian token cepat dan mudah, transaksi selalu lancar. Solusi praktis dari rumah"
Agung Setya,5,2025-12-11 10:13:13,makin mantap pelayanan nya. gercep sekali setiap ada gangguan terimakasih..
Reto Mamonto,5,2025-12-11 10:13:10,PLN up3 kotamobagu Terbaik
ARY JOSHUA,5,2025-12-11 10:13:03,Apk nya sangat membantu
Rian Syaputra,5,2025-12-11 10:12:41,aplikasi yang sengat membantu bagi warga yang jauh dari akses untuk menuju ke pln
Aji Dwi Saputro,5,2025-12-11 10:11:29,"Aplikasinya unfaedah, komplain listrik padam d diemin, tidak d fu, listrik padam lama kita sebagai pelanggan d rugikan kalau dagangan rusak tidak dapat kompensasi, tapi kalau bayar telat dapat denda langsung, harusnya ada kompensasi kalau pemadaman listrik yang cukup lama. pesawat+kereta delay saja kita dapat kompensasi, ini listrik padam dagangan rusak diem2 bae..ğŸ¥²ğŸ¥²"
Keysia Juli ananda,5,2025-12-11 10:10:22,sangat mudah dan membantu
Eko Sudaryono,5,2025-12-11 10:09:56,pengurusan tambah Daya jadi semakin mudah dan cepat
derry firmansyah,5,2025-12-11 10:09:34,aplikasi pln mobile sangat membantu bnget yang berhubungan dengan pelayanan kelistrikan
zikir man,5,2025-12-11 10:08:23,layan cepat dan tepat
Baros Sulaeman,5,2025-12-11 10:08:01,oklah
Papa Ceng,5,2025-12-11 10:07:45,Adax pln mobile pelanggan semakin mudah
Afik Erlangga,5,2025-12-11 10:06:31,"aplikasi yang sangat baik dan membantu aku pas krmaren sempet mati lampu karna kehabisan pulsa kebetulan ada pln mobile untuk membeli token di. situ, dan sangat memudahkan para pengguna nyaa."
Base camp,5,2025-12-11 10:06:26,Cepat dan mudah digunakan
kiki juniarto,5,2025-12-11 10:05:51,pelayanan sangat ramah dan cepat tanggap
Mas Anggik Channel,5,2025-12-11 10:02:41,PLN Mobile Aplikasi yang sangat mudah penggunaan nya
ARFAN MULYONO,5,2025-12-11 10:02:41,masalah kelistrikan di PLN mobile ajağŸ‘
Liza,5,2025-12-11 10:02:34,"aplikasi yang sangat membantu, laporan jadi mudah ketika gangguan listrik PLN, layanan kelistrikan sekarang jd mudah, hanya lewat handphone tanpa perlu datang ke kantor PLN, pasang baru maupun tambahdaya simpel, terimakasih PLNğŸ’Œ"
Astro Boy,5,2025-12-11 10:02:29,apk yg bkin mudah pembelian pulsa
Mahni afifa,5,2025-12-11 10:02:11,aplikasi PLN mobile seperti cewek cantik selalu di lirikğŸ˜
Djajuli Yanbung,5,2025-12-11 10:01:53,pln rayon nganjuk sangat baik pelayanany
Ludian,5,2025-12-11 10:01:21,"aplikasi ini sangat membantu sekali, karna dengan adanya pln mobile ini segala kendala listrik yg ada dirumah kita jd sangat mudah kita adukan disni, dengan respon yg sangat cepat dan tepat. PLN jaya selaluğŸ‘ğŸ¤“"
Moch Firman,5,2025-12-11 10:00:05,"pelayanan listrik baik ldan cepat .,,dan ramah.."
Luna,5,2025-12-11 09:59:51,"apk ini sanggat lah bermanfaat, recommended banget buat ngatasin masalah listrik, bisa cek pemakaian listrik bulanan jadi bisa hemat dan tampilannya simpel dan muda dimengertiğŸ’"
Fawaid Kamil,5,2025-12-11 09:59:51,aplikasinya sangat membantu......
Ariel Tahili,5,2025-12-11 09:59:14,aplikasi sangat sangat membantu masyarakat yang tidak perlu susah susah ke tempat lain udah ada solusi aplikasi ini untuk mempermudah beli token mantap semoga semakin bermanfaat ğŸ‘ğŸ‘
Lefy,5,2025-12-11 09:59:01,"Aplikasinya sangat membantu! Sekarang jadi lebih mudah untuk cek tagihan, beli token, dan pantau pemakaian listrik. Fitur-fiturnya lengkap dan user-friendly. Pelayanan juga cepat kalau ada gangguan. Terima kasih PLN Mobile, makin praktis!ğŸ‘â¤ï¸"
Rijwan Af,5,2025-12-11 09:58:44,PLN mantappp
Suka Suka,5,2025-12-11 09:57:36,pakai alpikasi pln mobail..lebih cepat..
Rendy Yahya12,5,2025-12-11 09:56:09,"aplikasi yang sangat membantu ketika ada masalah listrik, dan mudah untuk pembayaran tagihan listrik"
Elqiano Alfarizky,5,2025-12-11 09:55:57,"pln mobile sangat membantu dan mempermudah pelayanan ,,"
Bartolomeus Dey,5,2025-12-11 09:55:53,laporan gangguan jadi lebih mudah
syafii ridwan,5,2025-12-11 09:55:48,ok
Puryanti Yanti,5,2025-12-11 09:55:46,aplikasi baik pelayanan cepat ditangani....
Joni Joni,5,2025-12-11 09:55:33,dengan adanya aplikasi pln mobile semua makin mudah dan cepat
Allexsan m,5,2025-12-11 09:53:10,"PLN Mobile adalah aplikasi yang sangat berguna bagi pelanggan PLN dalam mengelola kebutuhan listrik mereka. Meski masih memiliki beberapa kekurangan dalam hal performa dan stabilitas, fitur-fitur yang ditawarkan cukup lengkap dan memudahkan pengguna dalam berbagai aspek layanan PLN. Jika PLN terus melakukan pembaruan dan peningkatan sistem, aplikasi ini bisa menjadi solusi yang semakin optimal bagi pelanggan."
Suyat Suyatno,5,2025-12-11 09:52:24,dengan aplikasi ini kami pribadi sangat memudahkan dalam pengisian token listrik sangat cept respon nya. pelaaporan kendala kelistrikan cept di respon. terimakasih PLN mobile
Lukman 10,5,2025-12-11 09:51:13,"Aplikasi PLN mobile berguna banget buat para penggunanya, selain membantu mempermudah dalam pengaduan listrik bisa juga buat bayar listrik dan beli token listrik. Terima kasih PLN Mobile semoga fiturnya lebih bagus lagi dan lebih baik lagi kedepannya agar lebih memudahkan lagi untuk penggunanyaa."
Abd Wafi AL ATAS,5,2025-12-11 09:50:57,PLN Mobile ini aplikasi yang mempermudah transaksi masalah kelistrikan kheeer akhi Thoyib2 ğŸ‘ğŸ‘ğŸ‘ğŸ’¥ğŸ’¥ğŸ’¥
Indra Malo,5,2025-12-11 09:50:14,semua makin mudah dan praktis dengan adanya aplikasi PLN mobile..semua yg berurusan dengan listrik bisa teratasi dengan mudahnya
Achmad Affandi,5,2025-12-11 09:49:36,mudah cepat dan banyak promo
Eko Wahyono,5,2025-12-11 09:48:50,PLN mobille jos
JAM AT,5,2025-12-11 09:48:45,sangat membantu serta fiturnya lengkap dan mudah digunakan
Delviana Evi,5,2025-12-11 09:48:43,aplikasinya sangat membantu saya memudahkan dalam pembelian token listrik..
Dedi Irawaan,5,2025-12-11 09:48:17,"Beli token listrik, bayar tagihan, melakukan pengaduan, mengajukan pasang baru dan tambah daya dengan mudah melalui PLN Mobile! PLN Mobile merupakan aplikasi terlengkap untuk semua hal kelistrikan di Indonesia"
Arif Permana,5,2025-12-11 09:47:57,aplikasi sangat mudah untuk gangguan
mas man,5,2025-12-11 09:47:44,aplikasi sangat menbantu ketika untuk laporan ganguan padam. banyak informasi yg bisa di dapat seputar promo2 dari pln ğŸ‘
Incu Kadal,5,2025-12-11 09:47:38,makasih!
BlueCR 7,5,2025-12-11 09:45:47,prosesnya sangat lancarrr
Ade Setiawan,5,2025-12-11 09:45:47,"PLN Mobile sangat membantu ketika mau bayar tagihan listrik, bisa dimana saja dan kapan saja"
Margo Utomo,5,2025-12-11 09:44:54,semakin lancar abadi ae
Mawan Thamrin,5,2025-12-11 09:44:25,"Beli token listrik, bayar tagihan, melakukan pengaduan, mengajukan pasang baru dan tambah daya dengan mudah melalui PLN Mobile! PLN Mobile merupakan aplikasi terlengkap untuk semua hal kelistrikan di Indonesia"
Lia Yulianti,5,2025-12-11 09:44:22,ingsaAlloh bagus
Enoksiti Rodiah,5,2025-12-11 09:43:07,"aplikasi yang praktis dan mudah digunakan, kerenn"
Nailul Faizin,5,2025-12-11 09:41:32,praktis dalam satu genggaman dan semakin mudah PLN mobile semua ada semua bisa semua mudah
pinaaa,5,2025-12-11 09:40:28,aplikasinya sangat bagus dan sangat bermanfaat
siswo bintoro,5,2025-12-11 09:39:18,ok
Sri Widyastuti1981,5,2025-12-11 09:39:04,oke
Indri B,5,2025-12-11 09:38:42,Aplikasinya bagus dan sangat memudahkan
Aldo Do,5,2025-12-11 09:37:48,baik
Gigih Priyo,5,2025-12-11 09:37:32,PLN mobile sangat membantu dalam memenuhi kebutuhan laporan dan gangguan dll
Dailami Harun,5,2025-12-11 09:37:11,Aplikasi ini sangat membantu dan memuaskan
Muhammad Aldi,5,2025-12-11 09:36:51,pelayan cepat
Edy Dy,5,2025-12-11 09:36:20,"aplikasi nya sangat bagus, semoga maju terus ğŸ‘ğŸ»"
Nasywa Nabilatu,5,2025-12-11 09:33:23,"aplikasi nya sangat bagus, sangat memudahkan kita"
Sang Pengintip,5,2025-12-11 09:31:19,mantap
Baluik Iicin,5,2025-12-11 09:31:12,"aplikasi nya bagus, prosesnya lancar"
Guntur Rahmadeni,5,2025-12-11 09:29:57,"trimksih pln mobile sangat membantu sekali, proses pelayanan cepat, banyak promo dan vocer smoga kedepanya tmbah lbih banyak progam lg, mantap"
riotri andikaputra,5,2025-12-11 09:29:07,"aplikasi sangat membantu pelanggan untuk catat meter sendiri, pengaduan bahkan pembayaran tagihan listrik maupun beli membeli token"
Arif Andi Wihatmanto,5,2025-12-11 09:27:43,"Sangat membantu disaat terjadi gangguan pada jaringan listrik di rumah, respon nya cepat dan bebas dari biaya."
Devicha Rahmadany,5,2025-12-11 09:26:47,"suka banget sama PLN Mobile dulu sedikit ribet kalau mau cek tagihan atau beli token,tapi sekarang tinggal buka aplikasi.Trimakasi PLN Mobile"
Wisnu Pangestu,5,2025-12-11 09:25:13,PLN mobile membantu mempermudah untuk pembelian token listrik
Khairi Yanto,5,2025-12-11 09:23:48,memang top
Prayetno Goang,5,2025-12-11 09:23:36,terbaik
Agus Fazrian,5,2025-12-11 09:23:09,"hay kaka,tankyou ya penilaiannya buat PLN mobile.Ayo manfaatkan fitur tambah daya pada PLN mobile,kamu bisa nih ubah daya pake PLN"
Ardiansya Arya,5,2025-12-11 09:22:50,TOP
KENES CHANNEL,5,2025-12-11 09:22:48,"Sangat membantu dalam pengaduan keluhan baik kwh meter pasca maupun prabayar, juga memudahkan kita untuk membayar tagihan listrik kita. Untuk yg mau pengajuan baik pengajuan baru, migrasi tambah daya sudah bisa kita lakukan lewat aplikasi pln mobile ini, dilengkapi juga simulasi berapa rupiah yg harus kita bayar. Ayo download Pln mobile banyak promonya Lho!!! Apalagi sekarang ada penerapan kebijakan perlindungan data konsumen Yg terbaru bisa pengaduan lewat menu layanan pelanggan.."
azkia Syifa,5,2025-12-11 09:22:22,sudah semakin bagus pln mobile nya
Bukhari Akamil,5,2025-12-11 09:21:28,terbaik dalam segi pelayanan
denny rumapar,5,2025-12-11 09:21:24,luar biasa
Ikhsan Nuryana,5,2025-12-11 09:21:11,maksimal
Galih Mahardika,5,2025-12-11 09:20:32,top
Asrul Hasyim,5,2025-12-11 09:20:05,"Aplikasi PLN Mobile sangat membantu sekali dalam transaksi kelistrikan ,pasang baru, perubahan daya serta penerangan ekstra dan melaporkan keluhan serta mudah di pakai."
Anang Supriyadi,5,2025-12-11 09:19:40,aplikasi pln mobile sangat membantu
daniel piero,5,2025-12-11 09:19:01,"""PLN Mobile bukan sekadar aplikasi, tapi sahabat digital pelanggan PLN â€” cepat, mudah, dan terpercaya.â€ PLN Integritas Cerdas Jaya ğŸ¤©ğŸ‡®ğŸ‡©"
Ellaa Tangkilisan,5,2025-12-11 09:18:33,"Aplikasi ini sangat membantu untuk kemudahan dalam melakukan pembelian token, pembayaran tagihan listrik, dan masih banyak fitur"
Eridchaniago Erid,5,2025-12-11 09:18:26,"sangat bermanfaat buat masyarakat, tidak perlu ke kantor cukup disini saja,praktis sekali"
Ndika Saputra,5,2025-12-11 09:16:08,"Aplikasi pln mobile sangat mudah di gunakan dimana saja, pokok nya gak ribet sekali"
wahid dun,5,2025-12-11 09:16:05,"PLN mobile keren, sangat memudahkan"
anah,5,2025-12-11 09:15:54,di aplikasi ini selain ada kebutuhan seperti beli token ubah daya atau pasang baru. saya bisa belanja marketplace di pln mobile seperti kompor listrik dan alat2 berkelistrikan lain nya
awan ariyan,5,2025-12-11 09:15:21,"Aplikasinya cukup bagus dan fungsinya bekerja seperti yang dijanjikan. Tapi terkadang terasa agak lambat saat membuka menu tertentu. Ul-nya oke, cuma masih bisa disederhanakan lagi. Kalau performanya ditingkatkan, pasti lebih nyaman dipakai"
Umar Ramdani,5,2025-12-11 09:14:12,"Aplikasi PLN mobile memudahkan proses pengaduan dan fitur lainnya, bermanfaat terimakasih"
Doni Movic,5,2025-12-11 09:14:00,Aplikasi PLN mobile sangat membantu sekali dalam urusan mendaftarkan pasang baru perubahan daya penerangan ekstra.
Rhevan Hamid,5,2025-12-11 09:13:21,Mengisi token rumah jadi lebih cepat
Yantek Merauke12,5,2025-12-11 09:13:18,pln terbaik
Ismin Parabola,5,2025-12-11 09:12:31,adanya aplikasi pln mobil merasa terbantu
Randi,5,2025-12-11 09:12:17,"Sekarang tidak perlu repot ke luar rumah buat beli token atau cek tagihan. Semua bisa lewat aplikasi PLN Mobile. Fitur lengkap, tampilannya juga mudah dipahami"
Farizal,5,2025-12-11 09:11:56,"Aplikasi pln mobile sangat mudah digunakan dalam bertransaksi kelistrikan seperti pasang baru , perubahan daya, penerangan ekstra dan lain lain,pokoknya mantap sekali,terbaiik"
Ridho F,5,2025-12-11 09:10:38,"dengan aplikasi pln mobile ini, saya tidak usah untuk ke kantor pln terdekat untuk mengubah daya tambah daya atau pun keperluan listrik lain nya. kita tinggal klik2 aja di aplikasi ini . mantap"
Sekar Cahyani,5,2025-12-11 09:08:30,petugas bagus ramah dan sopan. aplikasi mantap dan keren
Safitri Ayuning,5,2025-12-11 09:07:10,mantap
sumi asih,5,2025-12-11 09:06:59,"PLN mobile merupakan aplikasi yg fungsional TDK hanya memudahkan dalam pemblian token dan pembayaran listrik,juga ada fitur pembayaran air PDAM ,,pokoknya the best untuk aplikasi ini."
andy setyawan,5,2025-12-11 09:06:33,aplikasi yang sangat membantu sekali.. lanjutkan pln.. sukses selalu
Leny Lumbanbatu,5,2025-12-11 09:05:12,"aplikasi PLN mobile bagus dan transparan, memudahkan pelanggan dalam transaksi listrik"
Purwanto Purwanto,5,2025-12-11 09:05:11,mantabğŸ‘
Mhd Ilham,5,2025-12-11 09:03:41,pelayan sangat bagus
Yusuf Salafy,5,2025-12-11 09:03:16,"usaha saya untuk menafkahi keluarga sangat tergantung dengan listrik, tentunya banyak juga masyarakat yang seperti saya. kalo listrik mati lebih dari 4 jam saya sangat rugi. mohon kedepannya PLN lebih bisa melayani kebutuhan listrik masyarakat, terutama PLN ULP SIDAREJA CILACAP dimana saya tinggal disana"
Ases Laviola,5,2025-12-11 09:03:11,bagus sekali
Faridl Fadhillah,1,2025-12-11 09:03:06,"terimakasih telah menyulitkan saya untuk login. nomor telepon saya sudah tidak aktif, dan saya ingin mengganti nomor telepon tapi tidak bisa login karena nomor telepon saya tidak aktif. biasanya login tinggal pake email, kok sekarang dipersulit?"
Sahril Abdullah,5,2025-12-11 09:02:26,aplikasi ini simpel dan aman saat dipakai mempermudah urusan kelistrik kan.sangat bagus sekalii
sosmed selamat,5,2025-12-11 09:00:26,"masyaaAlloh coorporasi yg satu ini ngikutin perkembangan, terus eksis berkarya dan berjaya untuk negeri tercinta.."
Khai Anas,5,2025-12-11 09:00:23,"Aplikasi pln mobil sangat memudahkan kami dalam urusan listrik,baik dalam melaporkan keluhan"
Ir. Habibie,5,2025-12-11 08:59:42,"Jauh lebih mudah pelayanannya. Terimakasih fast responsnya, pertahankan untuk pelayanan terbaiknya. Bravo untuk PLN, Pertahankan, Makin banyak Promonya, terus bersinar & Sukses ğŸ‘"
Karnoto Karnoto,5,2025-12-11 08:59:17,oke
Herman 88,5,2025-12-11 08:58:49,"sangat bagus dan bermanfaat bgi masyarakat,the bestğŸ‘ğŸ»ğŸ‘ğŸ»"
Keisa 12,5,2025-12-11 08:58:15,cepat dalam pelayanan
Virgo Igo,5,2025-12-11 08:58:05,Aplikasi nya sangat membantu pelanggan
Nurul Aini,5,2025-12-11 08:57:46,mantap
Rusliar,5,2025-12-11 08:57:10,"pln semakin keren semenjak ada pln mobile, semuanya jadi mudah"
Nur Alang,5,2025-12-11 08:56:56,Terdapat Diskon murah dan Info menarik
Ngab Y,5,2025-12-11 08:56:23,awesome
Ali Martopo,5,2025-12-11 08:56:04,PLN mobile sangat membantu dalam proses transaksi pembelian token listrik
Hamzan Wadi,5,2025-12-11 08:56:03,nyaman aman selalu menggunakan aplikasi
Afif Affandi,5,2025-12-11 08:55:04,"PLN mobile sangat membantu sekali,banyak fitur yang ada seperti pasang baru pembelian token perubahan daya trmksi PLN mobile"
Dahuri Daud,5,2025-12-11 08:54:27,untuk pembayaran listrik lebih murah dari bank...
KAKA Collections,5,2025-12-11 08:54:08,"Alhamdulillah masalah mcb lemah teratasi, terimakasih banyak respon dan teknisi nya sangat cepat. barakallah ya pak hujan2 masih datang benarin listrikrumah sayağŸ™"
Abdul Rohman,5,2025-12-11 08:53:28,"Tepat & cepat,, pln mobile mantulğŸ‘ğŸ‘"
Mardi ansyah,5,2025-12-11 08:52:08,"good job,"
Danzzyx ??,5,2025-12-11 08:51:49,pln cepat aman dan selalu sigap dalam menjalani kan tugas
Mira Ira,5,2025-12-11 08:49:37,"plm bomile sangat bagus, aplikasi yang baik dan respon ya yang cepat"
Udin tea 212,5,2025-12-11 08:48:25,sangat nagus
Strum pK,5,2025-12-11 08:47:59,Bagusss sangatlah mudah
Agustan Agu,5,2025-12-11 08:46:23,terdapat diskon tarif dan tambah daya
Mutia Rahim,5,2025-12-11 08:45:47,"cepat respon,"
Larasati Putri,5,2025-12-11 08:45:20,"PLN mobile ini kami gunakan saat mau pengajuan pasang listrik, tanpa perlu ke kantor PLN kami langsung dilayani sama petugas PLN yang sangat ramah"
Saskiya Ahmad,5,2025-12-11 08:45:12,"Baguss digunakan, sangat membantu"
Mustafa Ramadan,5,2025-12-11 08:45:06,mantap
Yusuf Yasir,5,2025-12-11 08:43:16,membaik
Maulana Sandi,5,2025-12-11 08:42:13,dengan adanya aplikasi PLN mobile memudahkan kami beli pulsa dirumah. semoga kedepannya PLN tambah lebih baik dan sukses
Surya akbar,5,2025-12-11 08:41:45,1: penukar an baterai lebih mudah
ARDIYARNO25,5,2025-12-11 08:41:37,"Aplikasi yang bagus dan keren, sanngat cocok dengan semua kalangan.."
yur nerro,5,2025-12-11 08:40:58,aplikasi bagus
Sintya Lara,5,2025-12-11 08:40:08,"PLN mobile banyak fitur yang membantu pelanggan, aplikasinya sangat mudah digunakan apalagi kami di desa banyak yang gaptek. aplikasinya sangat mudah"
Sri Bintang24,5,2025-12-11 08:39:48,terimakasi pak pln atas pelayanan nya dengan adanya pln mobile lebih muda dan cepat
ARULJAINI86 JAINI,5,2025-12-11 08:38:48,pelayanan oke
Rendy wiryawan,5,2025-12-11 08:38:34,Gg aplikasi PLN
Ardi Pribadi,5,2025-12-11 08:38:16,semakin mudah kalo ada masalah listrik tinggal klik ğŸ˜
Nurul Jaini,5,2025-12-11 08:38:09,pas mantab
Marta Nggiri,5,2025-12-11 08:37:43,Aplikasi PLN mobile sangat membantu dan mudah digunakan.
Naftali Natha,5,2025-12-11 08:37:37,terimakasih mebuat semuanya jadi lebih praktis...
Heru Purnomo,5,2025-12-11 08:37:36,apk sangat membantu dan lebih mudah
SANTRI JTRG,5,2025-12-11 08:37:27,mantap Abis oke
Dwi Utari,5,2025-12-11 08:37:27,aplikasinya mudah digunakan dalam pelayanan pengaduan
Revo badru,5,2025-12-11 08:37:26,keren sekali aplikasi PLN
Abid Al'lail,5,2025-12-11 08:37:26,aplikasi ini sangat membantu sekali terimakasih
Aqil rafa,5,2025-12-11 08:36:51,mantap aplikasi PLN
Mastura,5,2025-12-11 08:36:39,terdapat info diskon dan tambah daya
Muhammad bobi,5,2025-12-11 08:36:31,keren sekali aplikasi PLN
rahman harahap,5,2025-12-11 08:35:33,good
Suliwah,5,2025-12-11 08:34:29,terbaik
Alpha Betrix,5,2025-12-11 08:34:00,PLN mobile terbaik
Kiano Anugrah,5,2025-12-11 08:33:28,"Mantap sekali aplikasi pln mobile ini, membantu banget pasang baru, cek tagihan sama beli token the best pokoknya ğŸ‘ğŸ¼ğŸ‘ğŸ¼ğŸ‘ğŸ¼"
Yandal1 Probolinggo,5,2025-12-11 08:33:08,aplikasi sngat membantu
Wati,5,2025-12-11 08:33:01,terdapat info diskon dan tambah daya
ahmad saifuddin,5,2025-12-11 08:32:20,mudah di gunakan
Tini Ani,5,2025-12-11 08:30:03,sangat membantu dalam pelayanan naik daya maupun pasang baru terimakasih atas ada nya aplikasi pelayanan PLN mobile
Rafa' Kailany,5,2025-12-11 08:29:33,goood
Deni Lyawati,5,2025-12-11 08:29:17,"pln mobile sangat berguna bagi masyarakat,pln mobile semakin maju,dan berkelas."
hardi sw,5,2025-12-11 08:29:00,Aplikasi sangat membantu.. Mudah digunakan.. tidak perlu repot lagi untuk pelaporan dan pembelian. Semoga PLN semakin jaya
Borizal Edi,5,2025-12-11 08:28:57,"Aplikasi pln mobile memudahkan pelanggan untuk mengetahui berapa informasi tagihan, mempermudah aduan jika mengalami keluhan kelistrikan"
Wahyunir Nizar,5,2025-12-11 08:28:06,Saya jadi mudah cek2 tagihan listrik. Pelayanan juga ramah dan cepat. Makasi PLN
s1mzy garage,5,2025-12-11 08:26:59,"aplikasi yang gercep,mudah digunakan,tidak nguras kuota"
Daren keyz (n),5,2025-12-11 08:26:14,Sangat membantu & mudah dipahami..
Anggita,5,2025-12-11 08:26:10,"PLN Mobile sangat membantu, karena memudahkan dalam pengajuan tambah daya tanpa harus ke kantor PLN"
ahmad arif,5,2025-12-11 08:25:58,pelayanan PLN sudah membaik yang mana menggunakan laporan manual sekarang sudah menggunakan PLN mobile.
Hendra Hermawan,5,2025-12-11 08:25:36,pln kramat jati tempatnya nyaman dan bagus
Paud Hk,5,2025-12-11 08:25:12,memudahkan segala urusan yg bersangkutan dengan kelistrikan pokonya PLN mobile luar biasa..
Akiss,5,2025-12-11 08:23:30,"Dengan transaksi pln mobile, sekarang transaksi pembelian token jadi lebih mudah mantap terimakasih PLN MobileğŸ‘ğŸ‘"
Naufal Haidar,5,2025-12-11 08:22:50,terimakasih atas bantuannya
Lisa Septiani,5,2025-12-11 08:22:15,sangat membantu terimakasih ulp Selatpanjang
Muhammad Sigit,5,2025-12-11 08:21:58,cepet
Darni Darni,5,2025-12-11 08:21:08,Terdapat Info menarik dan diskon murah
Agustinus Lake,5,2025-12-11 08:20:56,pln mobile hadir BS membantu skli.pengaduan LBH mudah di sini labh cepat di atasi..dan fitur promo tambh daya jg BS dpati jg disini
Wahyu Pranata,5,2025-12-11 08:20:32,Baik
Tri Hartanto,5,2025-12-11 08:20:26,Aplikasi mempermudah pelanggan untuk pelayanan listrik.
Sakilah Sakilah,5,2025-12-11 08:20:22,mantap memudahkan ojol untuk ganti baterai ğŸ”‹
Alimin gabrisch,5,2025-12-11 08:20:13,sangat mudah di gunakan
Maldi Saputra,5,2025-12-11 08:20:00,aplikasi PLN mobile sangat bagus... memudahkan saya dalam transaksi masalah listrik... dan petugas nya juga baik...
zakaria jaka,5,2025-12-11 08:19:47,kami terbantu oleh pln
Yazid Muhammad,5,2025-12-11 08:19:29,terimakasih
Nunung Nurhayati,5,2025-12-11 08:18:48,Dengan adanya PLN MOBILE semua permobona ataupun pengaduan jadi mudah
Sitanggang Sitanggang,5,2025-12-11 08:18:34,"aplikasi nya sangat bagus dan bisa melihat promo""naik daya,mantap."
Baso Rifky,5,2025-12-11 08:17:04,pln mobile sangat berguna bagi pelanggan pln
Lando InoEcha,5,2025-12-11 08:16:53,PLN Terbaikâš¡âš¡âš¡
tika mei,5,2025-12-11 08:16:49,"Beli token prabayar via PLN Mobile instan aman, analisis konsumsi pintar bantu hemat energi, aplikasi superapp masa depan"
Her Pengen,5,2025-12-11 08:16:45,praktis pke nya...pkonya mntap dah
Rova Azrian,5,2025-12-11 08:16:41,"Alhamdulillah makin nyaman pakai aplikasi pln mobile, mudah,cepat, trnsparan dan murah. buat kalian rekomded ni aplikasi untuk apapun urusan kalian dg listrik/pln."
Ainul Fitria,5,2025-12-11 08:16:04,pln mobile bisa lihat tagihan listrik pakai swacam
Deni marjuik,5,2025-12-11 08:15:55,"Aplikasi yang sangat user- friendly, Informatif dan fleksibel, sangat Recommended sekali biar ngurusin masalah kelistrikan gak pakai ribet. Kalau ada kendala pengaduan lewat aplikasi juga sangat fast response Service pelanggannya maksimal. Aplikasi membatu, saat adanya gangguan listrik bisa langsung tracking dan cepat penanganan, juga informasi terbaru terkait pemadaman listrik, migrasi, tambah daya,tagihan pasang baru dsb. Tingkatkan terus aplikasinya, Terimakasih"
Xavier Handsome,5,2025-12-11 08:15:28,"Aplikasi yang sangat membantu dan memudahkan pelanggan listrik PLN untuk melaporkan gangguan padam, tagihan listrik dan pembelian token."
Hasmawati Laudin,5,2025-12-11 08:15:22,mantapğŸ‘
Hp android,5,2025-12-11 08:14:43,aplikasi terbaik untuk peloparan gangguan listrik dan admin nya juga murah buat beli token
Riko Hartanto,5,2025-12-11 08:14:33,aplikasi nya cukup bagus dan pekerjaan nya seperti yg di janjikan
nike diana,5,2025-12-11 08:14:18,"kumpulkan poin, redeem token. mantep"
Gustina 21,5,2025-12-11 08:11:52,Dapat membaca meter secara mandiri dan dapat melakukan pelaporan melalui aplikasi
tasmin andika,5,2025-12-11 08:11:43,baik
Honaina Honaina,5,2025-12-11 08:11:27,bermanfaat
Elias Manu,5,2025-12-11 08:11:25,Semua semakin mudah bertransaksi....
tasmin andika,5,2025-12-11 08:11:17,baik
Nia Tiniawati,5,2025-12-11 08:11:05,Dg pln mobile memudahkan saya untuk mengajukan gangguan listrik di daerah saya dan membeli token
Sukamto Hamoratorda,5,2025-12-11 08:10:44,sangat membantu sekali...
Rivka Anisa meliyana,5,2025-12-11 08:10:08,aplikasi pln ini sangat membantu segala permasalahan listrik
Novi Anti,5,2025-12-11 08:09:53,sangat baik
Ronald Turang,5,2025-12-11 08:08:48,mudah dan bermanfaat untuk pelanggan pln
viki effendy,5,2025-12-11 08:06:23,Terbaik dan Informatif
restu pati,5,2025-12-11 08:05:53,lancar selalu
mushlih madhani,5,2025-12-11 08:04:44,Terima kasih atas layanan PLN yang tiada henti semoga PLN makin jaya dan amanah dalam tugasnya sehingga kejaya'an ini bertambah berkah
Mina Harefa,5,2025-12-11 08:04:06,dengan menggunakan aplikasi pln mobile semua lebih mudah
dorce lerek,5,2025-12-11 08:03:36,dengan aplikasi kami lebih mudah untuk melapor
Dut Rusli,5,2025-12-11 08:03:15,Aplikasi sangat membantu untuk pengaduan dan akses pengurusan kelistrikan lainnya Sangat bagus karena mempermudah pelanggan terlebih saya pribadi untuk melakukan jadi tidak perlu repot2 ke kantor
Zainul Arifin,5,2025-12-11 08:02:24,"istimewa pelayanan cepat dan ramah,petugas yambung cakep jos jis"
Rahmat Situl,5,2025-12-11 08:02:07,"aplikasi sangat bagus ,dgn ada nya pln mobile lebih memudahkan membeli token dan pembayaran"
YantoImn 0176,5,2025-12-11 08:02:01,sangat terbantu..terima kasih
Yoris Mauloo,5,2025-12-11 08:01:44,"Dengan PLN mobile, beli token listrik jadi lebih mudah."
Turini,5,2025-12-11 08:01:26,PLN mobile TOP
Asilahusna Husna,5,2025-12-11 08:01:03,kerja bagus
Generasi Anime,5,2025-12-11 08:00:22,mantap skali PLN mobile sangat mudah terbaikkk
Nunez Nunez,5,2025-12-11 08:00:01,Aplikasi PLN mobile bagus banget
HARMANSYAH 1,5,2025-12-11 07:59:55,"aplikasinya sangat bagus mudah difahami bisa melihat promo promo,semoga kedepannya semakin bagus"
Odie Oday,5,2025-12-11 07:59:46,sangat dingin
mentis subagyo,5,2025-12-11 07:59:43,top
Rosi Rosi,5,2025-12-11 07:59:00,Bagus bnget aplikasinya
Rasa Cinta,5,2025-12-11 07:58:44,sangat membantu dalam pelayanan online.
Philippe Jhon,5,2025-12-11 07:58:26,"aplikasi nya sangat bagus,mudah di gunakan fitur-fitur nya lengkap banget,bisa melihat promo promo pembayaran pokoknya aplikasinya bagus semoga kedepannya lebih bagus lagi"
KJR16 SBY,5,2025-12-11 07:58:25,bagus sekali gaes
Jimmy Ch,5,2025-12-11 07:58:11,Terima kasih pln... tanggapan cepat
Roni abdilah,5,2025-12-11 07:57:15,memberikan pengalaman yg memudahkan pelanggan
andrea dian,5,2025-12-11 07:57:04,keren ğŸ‘ğŸ»
emi susyanti,5,2025-12-11 07:56:38,top pelayananğŸ‘ğŸ‘
iansentani,5,2025-12-11 07:56:29,sangat membantu kalau di hari libur tidak perlu ke kantor lagi dan biaya lebih mudah
Kevin Pakaya,5,2025-12-11 07:56:16,di permudah dalam segala keliatrikan
abdus salam,5,2025-12-11 07:56:00,Sangat membantu.
Angki Dou,5,2025-12-11 07:55:57,"Aplikasi PLN MOBILE ini sangat membantu Kita Dalam proses catat meter mandiri,,"
Coba Coba,5,2025-12-11 07:55:57,Terdapat informasi dan Diskon Tambah daya yang mantappp
Dyan Candra,5,2025-12-11 07:55:34,terbaik
Try Riono,5,2025-12-11 07:54:25,makin mudah dan simpel dengan PLN mobile
Teguh Haryanta,5,2025-12-11 07:54:08,fitur dan pelayanan sangat baik... semoga diskon diskonya selalu ada... manttaabb
Muhammad â€œANDREASâ€ Fajar,5,2025-12-11 07:53:59,KEREN
liza nuhaliza,5,2025-12-11 07:53:03,"PLN mobile keren, sangat membantu dan memudahkan dalam bertransaksi ğŸ‘"
Bagus Ary Fandi,1,2025-12-11 07:52:04,"busuk app nya, setelah log out minta daftar ulang."
Kirman Sukirman,5,2025-12-11 07:51:51,"PLN mobile sangat membantu sekali ketika di butuhkan, pelayanan bagus"
Kons Mite,5,2025-12-11 07:51:43,Aplikasi sangat membantu & sangat memudahkan kita untuk pelaporan gangguan
Suparno Pranoto,5,2025-12-11 07:50:30,"Terbaik, mudah digunakan"
Zaleha Leha,5,2025-12-11 07:50:30,aplikasi pln mobile mepermudah urusan pln pln mobile keren
Salla Diba,5,2025-12-11 07:50:12,mudah membayar listrik
Ifin Lono Basuki,5,2025-12-11 07:50:11,Pelayanan cepat dan komunikatif
BENI HERMANTO,5,2025-12-11 07:49:56,sangat membantu
Gede Oka,5,2025-12-11 07:49:46,aplikasi pln mobile sangat bagus dan cepat pelayanannya
Ikbal Muhammad,5,2025-12-11 07:48:20,Terima kasih PLN karna telah memberikan yg terbaik
Septiana Ningsih16,5,2025-12-11 07:47:17,"Respon cepat , petugas baik . Terimakasih PLN"
Oktavia Prima Bili,5,2025-12-11 07:47:13,aplikasinya sangat membantu saya dan keluarga dalam masalah gangguan listrik.
Wayan Sudirka,5,2025-12-11 07:46:27,top banget
Biru Laut,5,2025-12-11 07:46:14,bagus
Reza Putra,5,2025-12-11 07:45:03,"Sangat membantu,dan respon cepat dalam penanganan masalah.."
Latinur,5,2025-12-11 07:44:16,"Saya baru tau kalau aplikasi pln sebagus ini,jadi mudah beli token saya dirumah. Makasi ya PLN semoga jaya selalu"
Sugeng Sutanto,5,2025-12-11 07:43:48,sangat baik
Wardana Putra,1,2025-12-11 07:43:09,KAGAK BISA CETAK STRUK
rahwandi zein,5,2025-12-11 07:42:53,"aplikasinya semakin bagus dan lengkap bisa di dipakai buat bayar PDAM,beli pulsa dan lainnya,tambah sukses PLN mobile kedepannya.terimkasih"
Rizal Muhajir,5,2025-12-11 07:42:53,mudah di gunakan
Ester Natu,5,2025-12-11 07:42:49,Gangguan listrik lapor di pln mobile
Daniel Enco,5,2025-12-11 07:42:42,"PLN mobile sangat memberi saya kemudahan dalam proses tambah daya dari rumah, Terimakasih PLN mobile"
adji dwi,5,2025-12-11 07:41:59,baik
Stanislaus Odang,5,2025-12-11 07:39:38,tambah daya jadi lebih mudah
arya angga saputra,5,2025-12-11 07:37:12,aplikasi ini sangat membantu masyarakat dalam masalah kelistrikan menu yang di sediakan cukup memadai
moh amin hariyadi,5,2025-12-11 07:36:23,"""Terima kasih Pln.. ğŸ™ ""Mudah... tanggapan cepat.. sangat membantu dlm hal kelistrikan... ğŸ™"
Fadhil Hidayat,5,2025-12-11 07:35:58,"Aplikasi PLN Mobile sangat membantu, saya bisa memantau penggunaan listrik saya setiap hari"
Biduan Bersayap,5,2025-12-11 07:35:41,terbaik
supriyatno 48892,5,2025-12-11 07:35:32,gercep
Dhika R,5,2025-12-11 07:35:23,Respon cepat
Biduan Masakini,5,2025-12-11 07:34:51,terbaik
yuri anto,5,2025-12-11 07:33:54,sangat membantu
Fikri Jr,5,2025-12-11 07:33:07,aplikasi ini sangat bermanfaat untuk pembayaran pulsa listrik
Lala Putri,5,2025-12-11 07:32:52,Selalu gunakan aplikasi PLN mobile agar transaksi bisa cepat dan tepat karena bisa dilakukan kapanpun dan dimanapun .
inco .26,5,2025-12-11 07:32:41,PLN Terbaik
syaiful rizal,5,2025-12-11 07:31:26,terimakasih pln mobile sangat membantu
christian fredericky,5,2025-12-11 07:31:21,semua pelayanan mudah dalam satu genggaman
